No,Code,Collection,Category,Name,Variant Name,Price,In Stock,URL,Image URL
1,764204359714,$10 to $20,Accessories,"10"" Extra Coverage Waist Slimmer Belt",BLACK ONE,15.00,Yes,http://marika.com/products/m187119,https://cdn.shopify.com/s/files/1/1588/5229/products/M187119_0013171.jpg?v=1595874913
2,745934110363,$10 to $20,Accessories,2 Pack Hip Band Set,ASST COLORS ONE,16.00,Yes,http://marika.com/products/b193901,https://cdn.shopify.com/s/files/1/1588/5229/products/B193901_AST18320.jpg?v=1605204022
3,764204403028,$10 to $20,Accessories,2LB Ankle Weights,CORAL / GREY ONE,12.00,Yes,http://marika.com/products/m185619,https://cdn.shopify.com/s/files/1/1588/5229/products/M185619_COG.18333.jpg?v=1605204396
4,722457695126,$10 to $20,Water Bottles,750ML Water Bottle,BALLY RED ONE,14.99,Yes,http://marika.com/products/m196104,https://cdn.shopify.com/s/files/1/1588/5229/products/22853376201_56524da6-1f24-425f-a5b1-4cc14b6cb5fb.jpg?v=1584324728
5,722457698998,$10 to $20,Water Bottles,750ML Water Bottle,WHITE ONE,14.99,No,http://marika.com/products/m196104,https://cdn.shopify.com/s/files/1/1588/5229/products/22853506953_fafb9d16-0683-4022-8fb0-9b40dd81e723.jpg?v=1584324728
6,722457699001,$10 to $20,Water Bottles,750ML Water Bottle,PINK ONE,14.99,No,http://marika.com/products/m196104,https://cdn.shopify.com/s/files/1/1588/5229/products/22853539273_b25a04b5-d3f4-44b8-8295-2f6298c0db93.jpg?v=1584324728
7,722457695133,$10 to $20,Water Bottles,750ML Water Bottle,SILVER ONE,14.99,No,http://marika.com/products/m196104,https://cdn.shopify.com/s/files/1/1588/5229/products/22853422217_9c4ab719-92bb-4ac0-b911-56aa6e5e9bb1.jpg?v=1571091452
8,722457698981,$10 to $20,Water Bottles,750ML Water Bottle,LIME ONE,14.99,No,http://marika.com/products/m196104,https://cdn.shopify.com/s/files/1/1588/5229/products/22853472137_cc922e63-77d9-4cf5-8bde-9b5d3702bbbf.jpg?v=1584324728
9,722457921362,$10 to $20,Accessories,Acupressure Foot Roller,SERENITY ONE,18.00,Yes,http://marika.com/products/b196701,https://cdn.shopify.com/s/files/1/1588/5229/products/B196701_SER18265_3.jpg?v=1605204606
10,764204358236,$10 to $20,Accessories,Adjustable Jump Rope,SEA FOAM ONE,14.00,Yes,http://marika.com/products/m180519,https://cdn.shopify.com/s/files/1/1588/5229/products/M180519_4HF3275.jpg?v=1595874061
11,764204845217,$10 to $20,Short Sleeve Top,Ariel Short Sleeve Tee,ANGEL BLUE S,18.99,Yes,http://marika.com/products/mlt2991a,https://cdn.shopify.com/s/files/1/1588/5229/products/MLT2991A_AV4_0489.jpg?v=1605575068
12,764204845224,$10 to $20,Short Sleeve Top,Ariel Short Sleeve Tee,ANGEL BLUE M,18.99,Yes,http://marika.com/products/mlt2991a,https://cdn.shopify.com/s/files/1/1588/5229/products/MLT2991A_AV4_0489.jpg?v=1605575068
13,764204845231,$10 to $20,Short Sleeve Top,Ariel Short Sleeve Tee,ANGEL BLUE L,18.99,Yes,http://marika.com/products/mlt2991a,https://cdn.shopify.com/s/files/1/1588/5229/products/MLT2991A_AV4_0489.jpg?v=1605575068
14,764204845248,$10 to $20,Short Sleeve Top,Ariel Short Sleeve Tee,ANGEL BLUE XL,18.99,Yes,http://marika.com/products/mlt2991a,https://cdn.shopify.com/s/files/1/1588/5229/products/MLT2991A_AV4_0489.jpg?v=1605575068
15,764204845118,$10 to $20,Short Sleeve Top,Ariel Short Sleeve Tee,CANTELOUPE S,18.99,Yes,http://marika.com/products/mlt2991a,https://cdn.shopify.com/s/files/1/1588/5229/products/MLT2991A_7A37972.jpg?v=1605575068
16,764204845125,$10 to $20,Short Sleeve Top,Ariel Short Sleeve Tee,CANTELOUPE M,18.99,Yes,http://marika.com/products/mlt2991a,https://cdn.shopify.com/s/files/1/1588/5229/products/MLT2991A_7A37972.jpg?v=1605575068
17,764204845132,$10 to $20,Short Sleeve Top,Ariel Short Sleeve Tee,CANTELOUPE L,18.99,Yes,http://marika.com/products/mlt2991a,https://cdn.shopify.com/s/files/1/1588/5229/products/MLT2991A_7A37972.jpg?v=1605575068
18,764204845149,$10 to $20,Short Sleeve Top,Ariel Short Sleeve Tee,CANTELOUPE XL,18.99,Yes,http://marika.com/products/mlt2991a,https://cdn.shopify.com/s/files/1/1588/5229/products/MLT2991A_7A37972.jpg?v=1605575068
19,764204845163,$10 to $20,Short Sleeve Top,Ariel Short Sleeve Tee,BLACK S,18.99,Yes,http://marika.com/products/mlt2991a,https://cdn.shopify.com/s/files/1/1588/5229/products/MLT2991A_0017989.jpg?v=1605575068
20,764204845170,$10 to $20,Short Sleeve Top,Ariel Short Sleeve Tee,BLACK M,18.99,Yes,http://marika.com/products/mlt2991a,https://cdn.shopify.com/s/files/1/1588/5229/products/MLT2991A_0017989.jpg?v=1605575068
21,764204845187,$10 to $20,Short Sleeve Top,Ariel Short Sleeve Tee,BLACK L,18.99,Yes,http://marika.com/products/mlt2991a,https://cdn.shopify.com/s/files/1/1588/5229/products/MLT2991A_0017989.jpg?v=1605575068
22,764204845194,$10 to $20,Short Sleeve Top,Ariel Short Sleeve Tee,BLACK XL,18.99,No,http://marika.com/products/mlt2991a,https://cdn.shopify.com/s/files/1/1588/5229/products/MLT2991A_0017989.jpg?v=1605575068
23,764204764761,$10 to $20,Tank,Ashley Tank,DREAM BLUE S,18.99,No,http://marika.com/products/mlt2570a,https://cdn.shopify.com/s/files/1/1588/5229/products/MLT2570A_CE4_34430.jpg?v=1601320631
24,764204764778,$10 to $20,Tank,Ashley Tank,DREAM BLUE M,18.99,No,http://marika.com/products/mlt2570a,https://cdn.shopify.com/s/files/1/1588/5229/products/MLT2570A_CE4_34430.jpg?v=1601320631
25,764204764785,$10 to $20,Tank,Ashley Tank,DREAM BLUE L,18.99,Yes,http://marika.com/products/mlt2570a,https://cdn.shopify.com/s/files/1/1588/5229/products/MLT2570A_CE4_34430.jpg?v=1601320631
26,764204764792,$10 to $20,Tank,Ashley Tank,DREAM BLUE XL,18.99,Yes,http://marika.com/products/mlt2570a,https://cdn.shopify.com/s/files/1/1588/5229/products/MLT2570A_CE4_34430.jpg?v=1601320631
27,764204764822,$10 to $20,Tank,Ashley Tank,WHITE S,18.99,No,http://marika.com/products/mlt2570a,https://cdn.shopify.com/s/files/1/1588/5229/products/mlt2570A_010_34418.jpg?v=1601320631
28,764204764839,$10 to $20,Tank,Ashley Tank,WHITE M,18.99,Yes,http://marika.com/products/mlt2570a,https://cdn.shopify.com/s/files/1/1588/5229/products/mlt2570A_010_34418.jpg?v=1601320631
29,764204764846,$10 to $20,Tank,Ashley Tank,WHITE L,18.99,Yes,http://marika.com/products/mlt2570a,https://cdn.shopify.com/s/files/1/1588/5229/products/mlt2570A_010_34418.jpg?v=1601320631
30,764204764853,$10 to $20,Tank,Ashley Tank,WHITE XL,18.99,Yes,http://marika.com/products/mlt2570a,https://cdn.shopify.com/s/files/1/1588/5229/products/mlt2570A_010_34418.jpg?v=1601320631
31,764204764884,$10 to $20,Tank,Ashley Tank,BLACK S,18.99,No,http://marika.com/products/mlt2570a,https://cdn.shopify.com/s/files/1/1588/5229/products/MLT2570A_CE4_34430.jpg?v=1601320631
32,764204764891,$10 to $20,Tank,Ashley Tank,BLACK M,18.99,Yes,http://marika.com/products/mlt2570a,https://cdn.shopify.com/s/files/1/1588/5229/products/MLT2570A_CE4_34430.jpg?v=1601320631
33,764204764907,$10 to $20,Tank,Ashley Tank,BLACK L,18.99,No,http://marika.com/products/mlt2570a,https://cdn.shopify.com/s/files/1/1588/5229/products/MLT2570A_CE4_34430.jpg?v=1601320631
34,764204764914,$10 to $20,Tank,Ashley Tank,BLACK XL,18.99,No,http://marika.com/products/mlt2570a,https://cdn.shopify.com/s/files/1/1588/5229/products/MLT2570A_CE4_34430.jpg?v=1601320631
35,764204331529,$10 to $20,Tank,Balance Collection Alegra Tank,WHITE S,16.99,Yes,http://marika.com/products/blt2489t,https://cdn.shopify.com/s/files/1/1588/5229/products/BLT2489T_01034531_RT_LoRes_RT.jpg?v=1602023148
36,764204331536,$10 to $20,Tank,Balance Collection Alegra Tank,WHITE M,16.99,Yes,http://marika.com/products/blt2489t,https://cdn.shopify.com/s/files/1/1588/5229/products/BLT2489T_01034531_RT_LoRes_RT.jpg?v=1602023148
37,764204331543,$10 to $20,Tank,Balance Collection Alegra Tank,WHITE L,16.99,Yes,http://marika.com/products/blt2489t,https://cdn.shopify.com/s/files/1/1588/5229/products/BLT2489T_01034531_RT_LoRes_RT.jpg?v=1602023148
38,764204331550,$10 to $20,Tank,Balance Collection Alegra Tank,WHITE XL,16.99,No,http://marika.com/products/blt2489t,https://cdn.shopify.com/s/files/1/1588/5229/products/BLT2489T_01034531_RT_LoRes_RT.jpg?v=1602023148
39,764204331574,$10 to $20,Tank,Balance Collection Alegra Tank,MAUVE SHADOWS S,16.99,No,http://marika.com/products/blt2489t,https://cdn.shopify.com/s/files/1/1588/5229/products/BLT2489T_2K1_34559__1_lores_RT_1.jpg?v=1602023148
40,764204331581,$10 to $20,Tank,Balance Collection Alegra Tank,MAUVE SHADOWS M,16.99,No,http://marika.com/products/blt2489t,https://cdn.shopify.com/s/files/1/1588/5229/products/BLT2489T_2K1_34559__1_lores_RT_1.jpg?v=1602023148
41,764204331598,$10 to $20,Tank,Balance Collection Alegra Tank,MAUVE SHADOWS L,16.99,No,http://marika.com/products/blt2489t,https://cdn.shopify.com/s/files/1/1588/5229/products/BLT2489T_2K1_34559__1_lores_RT_1.jpg?v=1602023148
42,764204331604,$10 to $20,Tank,Balance Collection Alegra Tank,MAUVE SHADOWS XL,16.99,No,http://marika.com/products/blt2489t,https://cdn.shopify.com/s/files/1/1588/5229/products/BLT2489T_2K1_34559__1_lores_RT_1.jpg?v=1602023148
43,764204331475,$10 to $20,Tank,Balance Collection Alegra Tank,BLACK S,16.99,No,http://marika.com/products/blt2489t,https://cdn.shopify.com/s/files/1/1588/5229/products/BLT2489T_00134510_LoRes_RT.jpg?v=1602023148
44,764204331482,$10 to $20,Tank,Balance Collection Alegra Tank,BLACK M,16.99,No,http://marika.com/products/blt2489t,https://cdn.shopify.com/s/files/1/1588/5229/products/BLT2489T_00134510_LoRes_RT.jpg?v=1602023148
45,764204331499,$10 to $20,Tank,Balance Collection Alegra Tank,BLACK L,16.99,No,http://marika.com/products/blt2489t,https://cdn.shopify.com/s/files/1/1588/5229/products/BLT2489T_00134510_LoRes_RT.jpg?v=1602023148
46,764204331505,$10 to $20,Tank,Balance Collection Alegra Tank,BLACK XL,16.99,No,http://marika.com/products/blt2489t,https://cdn.shopify.com/s/files/1/1588/5229/products/BLT2489T_00134510_LoRes_RT.jpg?v=1602023148
47,764204289233,$10 to $20,Tank,Balance Collection Clara Sleeveless Singlet,WHITE S,18.99,No,http://marika.com/products/blt2474t,https://cdn.shopify.com/s/files/1/1588/5229/products/BLT2474T_010_0053_RT_LORES.jpg?v=1599750986
48,764204289240,$10 to $20,Tank,Balance Collection Clara Sleeveless Singlet,WHITE M,18.99,Yes,http://marika.com/products/blt2474t,https://cdn.shopify.com/s/files/1/1588/5229/products/BLT2474T_010_0053_RT_LORES.jpg?v=1599750986
49,764204289257,$10 to $20,Tank,Balance Collection Clara Sleeveless Singlet,WHITE L,18.99,Yes,http://marika.com/products/blt2474t,https://cdn.shopify.com/s/files/1/1588/5229/products/BLT2474T_010_0053_RT_LORES.jpg?v=1599750986
50,764204289264,$10 to $20,Tank,Balance Collection Clara Sleeveless Singlet,WHITE XL,18.99,No,http://marika.com/products/blt2474t,https://cdn.shopify.com/s/files/1/1588/5229/products/BLT2474T_010_0053_RT_LORES.jpg?v=1599750986
51,764204428748,$10 to $20,Tank,Balance Collection Clara Sleeveless Singlet,LANTANA S,18.99,No,http://marika.com/products/blt2474t,https://cdn.shopify.com/s/files/1/1588/5229/products/BLT2474T_78V__1222_RT_LORES.jpg?v=1599750986
52,764204428755,$10 to $20,Tank,Balance Collection Clara Sleeveless Singlet,LANTANA M,18.99,No,http://marika.com/products/blt2474t,https://cdn.shopify.com/s/files/1/1588/5229/products/BLT2474T_78V__1222_RT_LORES.jpg?v=1599750986
53,764204428762,$10 to $20,Tank,Balance Collection Clara Sleeveless Singlet,LANTANA L,18.99,No,http://marika.com/products/blt2474t,https://cdn.shopify.com/s/files/1/1588/5229/products/BLT2474T_78V__1222_RT_LORES.jpg?v=1599750986
54,764204428779,$10 to $20,Tank,Balance Collection Clara Sleeveless Singlet,LANTANA XL,18.99,No,http://marika.com/products/blt2474t,https://cdn.shopify.com/s/files/1/1588/5229/products/BLT2474T_78V__1222_RT_LORES.jpg?v=1599750986
55,764204289431,$10 to $20,Tank,Balance Collection Clara Sleeveless Singlet,BLACK S,18.99,No,http://marika.com/products/blt2474t,https://cdn.shopify.com/s/files/1/1588/5229/products/BLT2474T_010_0053_RT_LORES.jpg?v=1599750986
56,764204289448,$10 to $20,Tank,Balance Collection Clara Sleeveless Singlet,BLACK M,18.99,No,http://marika.com/products/blt2474t,https://cdn.shopify.com/s/files/1/1588/5229/products/BLT2474T_010_0053_RT_LORES.jpg?v=1599750986
57,764204289455,$10 to $20,Tank,Balance Collection Clara Sleeveless Singlet,BLACK L,18.99,No,http://marika.com/products/blt2474t,https://cdn.shopify.com/s/files/1/1588/5229/products/BLT2474T_010_0053_RT_LORES.jpg?v=1599750986
58,764204289462,$10 to $20,Tank,Balance Collection Clara Sleeveless Singlet,BLACK XL,18.99,No,http://marika.com/products/blt2474t,https://cdn.shopify.com/s/files/1/1588/5229/products/BLT2474T_010_0053_RT_LORES.jpg?v=1599750986
59,764204428786,$10 to $20,Tank,Balance Collection Clara Sleeveless Singlet,MAUVE SHADOWS S,18.99,No,http://marika.com/products/blt2474t,https://cdn.shopify.com/s/files/1/1588/5229/products/BLT2474T_010_0053_RT_LORES.jpg?v=1599750986
60,764204428793,$10 to $20,Tank,Balance Collection Clara Sleeveless Singlet,MAUVE SHADOWS M,18.99,No,http://marika.com/products/blt2474t,https://cdn.shopify.com/s/files/1/1588/5229/products/BLT2474T_010_0053_RT_LORES.jpg?v=1599750986
61,764204428809,$10 to $20,Tank,Balance Collection Clara Sleeveless Singlet,MAUVE SHADOWS L,18.99,No,http://marika.com/products/blt2474t,https://cdn.shopify.com/s/files/1/1588/5229/products/BLT2474T_010_0053_RT_LORES.jpg?v=1599750986
62,764204428816,$10 to $20,Tank,Balance Collection Clara Sleeveless Singlet,MAUVE SHADOWS XL,18.99,No,http://marika.com/products/blt2474t,https://cdn.shopify.com/s/files/1/1588/5229/products/BLT2474T_010_0053_RT_LORES.jpg?v=1599750986
63,764204428700,$10 to $20,Tank,Balance Collection Clara Sleeveless Singlet,POTENT PURPLE S,18.99,No,http://marika.com/products/blt2474t,https://cdn.shopify.com/s/files/1/1588/5229/products/BLT2474T_010_0053_RT_LORES.jpg?v=1599750986
64,764204428717,$10 to $20,Tank,Balance Collection Clara Sleeveless Singlet,POTENT PURPLE M,18.99,No,http://marika.com/products/blt2474t,https://cdn.shopify.com/s/files/1/1588/5229/products/BLT2474T_010_0053_RT_LORES.jpg?v=1599750986
65,764204428724,$10 to $20,Tank,Balance Collection Clara Sleeveless Singlet,POTENT PURPLE L,18.99,No,http://marika.com/products/blt2474t,https://cdn.shopify.com/s/files/1/1588/5229/products/BLT2474T_010_0053_RT_LORES.jpg?v=1599750986
66,764204428731,$10 to $20,Tank,Balance Collection Clara Sleeveless Singlet,POTENT PURPLE XL,18.99,No,http://marika.com/products/blt2474t,https://cdn.shopify.com/s/files/1/1588/5229/products/BLT2474T_010_0053_RT_LORES.jpg?v=1599750986
67,764204289387,$10 to $20,Tank,Balance Collection Clara Sleeveless Singlet,CORAL KISS S,18.99,No,http://marika.com/products/blt2474t,https://cdn.shopify.com/s/files/1/1588/5229/products/BLT2474T_010_0053_RT_LORES.jpg?v=1599750986
68,764204289394,$10 to $20,Tank,Balance Collection Clara Sleeveless Singlet,CORAL KISS M,18.99,No,http://marika.com/products/blt2474t,https://cdn.shopify.com/s/files/1/1588/5229/products/BLT2474T_010_0053_RT_LORES.jpg?v=1599750986
69,764204289400,$10 to $20,Tank,Balance Collection Clara Sleeveless Singlet,CORAL KISS L,18.99,No,http://marika.com/products/blt2474t,https://cdn.shopify.com/s/files/1/1588/5229/products/BLT2474T_010_0053_RT_LORES.jpg?v=1599750986
70,764204289332,$10 to $20,Tank,Balance Collection Clara Sleeveless Singlet,SASSY CORAL S,18.99,No,http://marika.com/products/blt2474t,https://cdn.shopify.com/s/files/1/1588/5229/products/BLT2474T_010_0053_RT_LORES.jpg?v=1599750986
71,764204289349,$10 to $20,Tank,Balance Collection Clara Sleeveless Singlet,SASSY CORAL M,18.99,No,http://marika.com/products/blt2474t,https://cdn.shopify.com/s/files/1/1588/5229/products/BLT2474T_010_0053_RT_LORES.jpg?v=1599750986
72,764204289356,$10 to $20,Tank,Balance Collection Clara Sleeveless Singlet,SASSY CORAL L,18.99,No,http://marika.com/products/blt2474t,https://cdn.shopify.com/s/files/1/1588/5229/products/BLT2474T_010_0053_RT_LORES.jpg?v=1599750986
73,764204265299,$10 to $20,Shorts Men,Balance Collection For Men Olympic Short,HEATHER ECLYPSE S,24.99,Yes,http://marika.com/products/bms0276t,https://cdn.shopify.com/s/files/1/1588/5229/products/BMS0276T_841_2561__LoRes_RT.jpg?v=1590523318
74,764204265305,$10 to $20,Shorts Men,Balance Collection For Men Olympic Short,HEATHER ECLYPSE M,24.99,No,http://marika.com/products/bms0276t,https://cdn.shopify.com/s/files/1/1588/5229/products/BMS0276T_841_2561__LoRes_RT.jpg?v=1590523318
75,764204265312,$10 to $20,Shorts Men,Balance Collection For Men Olympic Short,HEATHER ECLYPSE L,24.99,Yes,http://marika.com/products/bms0276t,https://cdn.shopify.com/s/files/1/1588/5229/products/BMS0276T_841_2561__LoRes_RT.jpg?v=1590523318
76,764204265329,$10 to $20,Shorts Men,Balance Collection For Men Olympic Short,HEATHER ECLYPSE XL,24.99,Yes,http://marika.com/products/bms0276t,https://cdn.shopify.com/s/files/1/1588/5229/products/BMS0276T_841_2561__LoRes_RT.jpg?v=1590523318
77,764204265374,$10 to $20,Shorts Men,Balance Collection For Men Olympic Short,LIGHT HEATHER GREY S,16.99,Yes,http://marika.com/products/bms0276t,https://cdn.shopify.com/s/files/1/1588/5229/products/BMS0276T_0ZN10951_LoRes_RT.jpg?v=1590523318
78,764204265381,$10 to $20,Shorts Men,Balance Collection For Men Olympic Short,LIGHT HEATHER GREY M,16.99,Yes,http://marika.com/products/bms0276t,https://cdn.shopify.com/s/files/1/1588/5229/products/BMS0276T_0ZN10951_LoRes_RT.jpg?v=1590523318
79,764204265398,$10 to $20,Shorts Men,Balance Collection For Men Olympic Short,LIGHT HEATHER GREY L,16.99,Yes,http://marika.com/products/bms0276t,https://cdn.shopify.com/s/files/1/1588/5229/products/BMS0276T_0ZN10951_LoRes_RT.jpg?v=1590523318
80,764204265404,$10 to $20,Shorts Men,Balance Collection For Men Olympic Short,LIGHT HEATHER GREY XL,16.99,Yes,http://marika.com/products/bms0276t,https://cdn.shopify.com/s/files/1/1588/5229/products/BMS0276T_0ZN10951_LoRes_RT.jpg?v=1590523318
81,764204265336,$10 to $20,Shorts Men,Balance Collection For Men Olympic Short,HEATHER BLACK S,24.99,Yes,http://marika.com/products/bms0276t,https://cdn.shopify.com/s/files/1/1588/5229/products/BMS0276T_06Y10879_LoRes_RT.jpg?v=1590523318
82,764204265343,$10 to $20,Shorts Men,Balance Collection For Men Olympic Short,HEATHER BLACK M,24.99,Yes,http://marika.com/products/bms0276t,https://cdn.shopify.com/s/files/1/1588/5229/products/BMS0276T_06Y10879_LoRes_RT.jpg?v=1590523318
83,764204265350,$10 to $20,Shorts Men,Balance Collection For Men Olympic Short,HEATHER BLACK L,24.99,Yes,http://marika.com/products/bms0276t,https://cdn.shopify.com/s/files/1/1588/5229/products/BMS0276T_06Y10879_LoRes_RT.jpg?v=1590523318
84,764204265367,$10 to $20,Shorts Men,Balance Collection For Men Olympic Short,HEATHER BLACK XL,24.99,Yes,http://marika.com/products/bms0276t,https://cdn.shopify.com/s/files/1/1588/5229/products/BMS0276T_06Y10879_LoRes_RT.jpg?v=1590523318
85,764204331277,$10 to $20,Tank,Balance Collection Julie Singlet,WHITE S,16.99,Yes,http://marika.com/products/blt2473t,https://cdn.shopify.com/s/files/1/1588/5229/products/BLT2473T_010.34275_RTLoRes.jpg?v=1599754581
86,764204331284,$10 to $20,Tank,Balance Collection Julie Singlet,WHITE M,16.99,Yes,http://marika.com/products/blt2473t,https://cdn.shopify.com/s/files/1/1588/5229/products/BLT2473T_010.34275_RTLoRes.jpg?v=1599754581
87,764204331291,$10 to $20,Tank,Balance Collection Julie Singlet,WHITE L,16.99,Yes,http://marika.com/products/blt2473t,https://cdn.shopify.com/s/files/1/1588/5229/products/BLT2473T_010.34275_RTLoRes.jpg?v=1599754581
88,764204331307,$10 to $20,Tank,Balance Collection Julie Singlet,WHITE XL,16.99,No,http://marika.com/products/blt2473t,https://cdn.shopify.com/s/files/1/1588/5229/products/BLT2473T_010.34275_RTLoRes.jpg?v=1599754581
89,764204331420,$10 to $20,Tank,Balance Collection Julie Singlet,WILD PLUM S,16.99,No,http://marika.com/products/blt2473t,https://cdn.shopify.com/s/files/1/1588/5229/products/BLT2473T_010.34275_RTLoRes.jpg?v=1599754581
90,764204331437,$10 to $20,Tank,Balance Collection Julie Singlet,WILD PLUM M,16.99,No,http://marika.com/products/blt2473t,https://cdn.shopify.com/s/files/1/1588/5229/products/BLT2473T_010.34275_RTLoRes.jpg?v=1599754581
91,764204331444,$10 to $20,Tank,Balance Collection Julie Singlet,WILD PLUM L,16.99,No,http://marika.com/products/blt2473t,https://cdn.shopify.com/s/files/1/1588/5229/products/BLT2473T_010.34275_RTLoRes.jpg?v=1599754581
92,764204331451,$10 to $20,Tank,Balance Collection Julie Singlet,WILD PLUM XL,16.99,No,http://marika.com/products/blt2473t,https://cdn.shopify.com/s/files/1/1588/5229/products/BLT2473T_010.34275_RTLoRes.jpg?v=1599754581
93,764204331222,$10 to $20,Tank,Balance Collection Julie Singlet,BLACK S,16.99,No,http://marika.com/products/blt2473t,https://cdn.shopify.com/s/files/1/1588/5229/products/BLT2473T_010.34275_RTLoRes.jpg?v=1599754581
94,764204331239,$10 to $20,Tank,Balance Collection Julie Singlet,BLACK M,16.99,No,http://marika.com/products/blt2473t,https://cdn.shopify.com/s/files/1/1588/5229/products/BLT2473T_010.34275_RTLoRes.jpg?v=1599754581
95,764204331246,$10 to $20,Tank,Balance Collection Julie Singlet,BLACK L,16.99,Yes,http://marika.com/products/blt2473t,https://cdn.shopify.com/s/files/1/1588/5229/products/BLT2473T_010.34275_RTLoRes.jpg?v=1599754581
96,764204331253,$10 to $20,Tank,Balance Collection Julie Singlet,BLACK XL,16.99,No,http://marika.com/products/blt2473t,https://cdn.shopify.com/s/files/1/1588/5229/products/BLT2473T_010.34275_RTLoRes.jpg?v=1599754581
97,764204330126,$10 to $20,Tank,Balance Collection Marie Tank,WILD PLUM S,18.99,No,http://marika.com/products/blt2638t,https://cdn.shopify.com/s/files/1/1588/5229/products/BLT2638T_95X07162LoRes.jpg?v=1596842073
98,764204330133,$10 to $20,Tank,Balance Collection Marie Tank,WILD PLUM M,18.99,No,http://marika.com/products/blt2638t,https://cdn.shopify.com/s/files/1/1588/5229/products/BLT2638T_95X07162LoRes.jpg?v=1596842073
99,764204330140,$10 to $20,Tank,Balance Collection Marie Tank,WILD PLUM L,18.99,No,http://marika.com/products/blt2638t,https://cdn.shopify.com/s/files/1/1588/5229/products/BLT2638T_95X07162LoRes.jpg?v=1596842073
100,764204330157,$10 to $20,Tank,Balance Collection Marie Tank,WILD PLUM XL,18.99,Yes,http://marika.com/products/blt2638t,https://cdn.shopify.com/s/files/1/1588/5229/products/BLT2638T_95X07162LoRes.jpg?v=1596842073
101,764204330171,$10 to $20,Tank,Balance Collection Marie Tank,BLACK S,18.99,No,http://marika.com/products/blt2638t,https://cdn.shopify.com/s/files/1/1588/5229/products/BLT2638T_00138916LoRes.jpg?v=1596842073
102,764204330188,$10 to $20,Tank,Balance Collection Marie Tank,BLACK M,18.99,No,http://marika.com/products/blt2638t,https://cdn.shopify.com/s/files/1/1588/5229/products/BLT2638T_00138916LoRes.jpg?v=1596842073
103,764204330195,$10 to $20,Tank,Balance Collection Marie Tank,BLACK L,18.99,No,http://marika.com/products/blt2638t,https://cdn.shopify.com/s/files/1/1588/5229/products/BLT2638T_00138916LoRes.jpg?v=1596842073
104,764204330201,$10 to $20,Tank,Balance Collection Marie Tank,BLACK XL,18.99,No,http://marika.com/products/blt2638t,https://cdn.shopify.com/s/files/1/1588/5229/products/BLT2638T_00138916LoRes.jpg?v=1596842073
105,764204329977,$10 to $20,Tank,Balance Collection Marie Tank,WHITE S,18.99,No,http://marika.com/products/blt2638t,https://cdn.shopify.com/s/files/1/1588/5229/products/BLT2638T_95X07162LoRes.jpg?v=1596842073
106,764204329984,$10 to $20,Tank,Balance Collection Marie Tank,WHITE M,18.99,No,http://marika.com/products/blt2638t,https://cdn.shopify.com/s/files/1/1588/5229/products/BLT2638T_95X07162LoRes.jpg?v=1596842073
107,764204329991,$10 to $20,Tank,Balance Collection Marie Tank,WHITE L,18.99,No,http://marika.com/products/blt2638t,https://cdn.shopify.com/s/files/1/1588/5229/products/BLT2638T_95X07162LoRes.jpg?v=1596842073
108,764204284573,$10 to $20,Tank,Balance Collection Miranda Sleeveless Tank,HEATHER ROSE OF SHARON S,18.99,No,http://marika.com/products/blt1257t,https://cdn.shopify.com/s/files/1/1588/5229/products/BLT1257T_6B3_34471.jpg?v=1577750983
109,764204284580,$10 to $20,Tank,Balance Collection Miranda Sleeveless Tank,HEATHER ROSE OF SHARON M,18.99,No,http://marika.com/products/blt1257t,https://cdn.shopify.com/s/files/1/1588/5229/products/BLT1257T_6B3_34471.jpg?v=1577750983
110,764204284597,$10 to $20,Tank,Balance Collection Miranda Sleeveless Tank,HEATHER ROSE OF SHARON L,18.99,Yes,http://marika.com/products/blt1257t,https://cdn.shopify.com/s/files/1/1588/5229/products/BLT1257T_6B3_34471.jpg?v=1577750983
111,764204284696,$10 to $20,Tank,Balance Collection Miranda Sleeveless Tank,HEATHER ARUBA BLUE S,18.99,No,http://marika.com/products/blt1257t,https://cdn.shopify.com/s/files/1/1588/5229/products/BLT1257T_923_34410.jpg?v=1605737889
112,764204284702,$10 to $20,Tank,Balance Collection Miranda Sleeveless Tank,HEATHER ARUBA BLUE M,18.99,No,http://marika.com/products/blt1257t,https://cdn.shopify.com/s/files/1/1588/5229/products/BLT1257T_923_34410.jpg?v=1605737889
113,764204284719,$10 to $20,Tank,Balance Collection Miranda Sleeveless Tank,HEATHER ARUBA BLUE L,18.99,No,http://marika.com/products/blt1257t,https://cdn.shopify.com/s/files/1/1588/5229/products/BLT1257T_923_34410.jpg?v=1605737889
114,764204284658,$10 to $20,Tank,Balance Collection Miranda Sleeveless Tank,HEATHER MAGENTA LUST S,18.99,No,http://marika.com/products/blt1257t,https://cdn.shopify.com/s/files/1/1588/5229/products/BLT1257T_6B3_34471.jpg?v=1577750983
115,764204284665,$10 to $20,Tank,Balance Collection Miranda Sleeveless Tank,HEATHER MAGENTA LUST M,18.99,No,http://marika.com/products/blt1257t,https://cdn.shopify.com/s/files/1/1588/5229/products/BLT1257T_6B3_34471.jpg?v=1577750983
116,764204284672,$10 to $20,Tank,Balance Collection Miranda Sleeveless Tank,HEATHER MAGENTA LUST L,18.99,No,http://marika.com/products/blt1257t,https://cdn.shopify.com/s/files/1/1588/5229/products/BLT1257T_6B3_34471.jpg?v=1577750983
117,722457795475,$10 to $20,Tank,Balance Collection Miranda Sleeveless Tank,HEATHER GREY S,18.99,No,http://marika.com/products/blt1257t,https://cdn.shopify.com/s/files/1/1588/5229/products/BLT1257T_6B3_34471.jpg?v=1577750983
118,722457795482,$10 to $20,Tank,Balance Collection Miranda Sleeveless Tank,HEATHER GREY M,18.99,No,http://marika.com/products/blt1257t,https://cdn.shopify.com/s/files/1/1588/5229/products/BLT1257T_6B3_34471.jpg?v=1577750983
119,722457795499,$10 to $20,Tank,Balance Collection Miranda Sleeveless Tank,HEATHER GREY L,18.99,No,http://marika.com/products/blt1257t,https://cdn.shopify.com/s/files/1/1588/5229/products/BLT1257T_6B3_34471.jpg?v=1577750983
120,764204284610,$10 to $20,Tank,Balance Collection Miranda Sleeveless Tank,HEATHER DESERT FLOWER S,18.99,No,http://marika.com/products/blt1257t,https://cdn.shopify.com/s/files/1/1588/5229/products/BLT1257T_6B3_34471.jpg?v=1577750983
121,764204284627,$10 to $20,Tank,Balance Collection Miranda Sleeveless Tank,HEATHER DESERT FLOWER M,18.99,No,http://marika.com/products/blt1257t,https://cdn.shopify.com/s/files/1/1588/5229/products/BLT1257T_6B3_34471.jpg?v=1577750983
122,764204284634,$10 to $20,Tank,Balance Collection Miranda Sleeveless Tank,HEATHER DESERT FLOWER L,18.99,No,http://marika.com/products/blt1257t,https://cdn.shopify.com/s/files/1/1588/5229/products/BLT1257T_6B3_34471.jpg?v=1577750983
123,764204165162,$10 to $20,Jackets,Balance Collection Reversible Cozy Woven Wrap,BLACK/CHARCOAL ONE,19.99,Yes,http://marika.com/products/bla0250a,https://cdn.shopify.com/s/files/1/1588/5229/products/6795330257014_a2520bda-6759-4e5a-a182-d6c6361f0258.jpg?v=1606347144
124,764204165155,$10 to $20,Jackets,Balance Collection Reversible Cozy Woven Wrap,KENSINGTON PLAID/ HOUNDSTOOTH ONE,19.99,No,http://marika.com/products/bla0250a,https://cdn.shopify.com/s/files/1/1588/5229/products/6795330257014_a2520bda-6759-4e5a-a182-d6c6361f0258.jpg?v=1606347144
125,764204165148,$10 to $20,Jackets,Balance Collection Reversible Cozy Woven Wrap,NANTUCKET/ HERRINGBONE ONE,19.99,No,http://marika.com/products/bla0250a,https://cdn.shopify.com/s/files/1/1588/5229/products/6795330257014_a2520bda-6759-4e5a-a182-d6c6361f0258.jpg?v=1606347144
126,764204165179,$10 to $20,Jackets,Balance Collection Reversible Cozy Woven Wrap,MERLOT/ NAVY ONE,19.99,No,http://marika.com/products/bla0250a,https://cdn.shopify.com/s/files/1/1588/5229/products/6795330257014_a2520bda-6759-4e5a-a182-d6c6361f0258.jpg?v=1606347144
127,764204434176,$10 to $20,Short Sleeve Top,Beverly Tee,WHITE S,18.99,No,http://marika.com/products/mlt2706a,https://cdn.shopify.com/s/files/1/1588/5229/products/MLT2706A_010_SPR20_1453_RT_LORES.jpg?v=1588884995
128,764204434183,$10 to $20,Short Sleeve Top,Beverly Tee,WHITE M,18.99,No,http://marika.com/products/mlt2706a,https://cdn.shopify.com/s/files/1/1588/5229/products/MLT2706A_010_SPR20_1453_RT_LORES.jpg?v=1588884995
129,764204434190,$10 to $20,Short Sleeve Top,Beverly Tee,WHITE L,18.99,Yes,http://marika.com/products/mlt2706a,https://cdn.shopify.com/s/files/1/1588/5229/products/MLT2706A_010_SPR20_1453_RT_LORES.jpg?v=1588884995
130,764204434206,$10 to $20,Short Sleeve Top,Beverly Tee,WHITE XL,18.99,Yes,http://marika.com/products/mlt2706a,https://cdn.shopify.com/s/files/1/1588/5229/products/MLT2706A_010_SPR20_1453_RT_LORES.jpg?v=1588884995
131,764204434114,$10 to $20,Short Sleeve Top,Beverly Tee,BLACK S,18.99,No,http://marika.com/products/mlt2706a,https://cdn.shopify.com/s/files/1/1588/5229/products/MLT2706A_010_SPR20_1453_RT_LORES.jpg?v=1588884995
132,764204434121,$10 to $20,Short Sleeve Top,Beverly Tee,BLACK M,18.99,Yes,http://marika.com/products/mlt2706a,https://cdn.shopify.com/s/files/1/1588/5229/products/MLT2706A_010_SPR20_1453_RT_LORES.jpg?v=1588884995
133,764204434138,$10 to $20,Short Sleeve Top,Beverly Tee,BLACK L,18.99,No,http://marika.com/products/mlt2706a,https://cdn.shopify.com/s/files/1/1588/5229/products/MLT2706A_010_SPR20_1453_RT_LORES.jpg?v=1588884995
134,764204434145,$10 to $20,Short Sleeve Top,Beverly Tee,BLACK XL,18.99,No,http://marika.com/products/mlt2706a,https://cdn.shopify.com/s/files/1/1588/5229/products/MLT2706A_010_SPR20_1453_RT_LORES.jpg?v=1588884995
135,764204439102,$10 to $20,Short Sleeve Top,Beverly Tee,BLACK 1X,22.99,No,http://marika.com/products/mlt2706a,https://cdn.shopify.com/s/files/1/1588/5229/products/MLT2706A_010_SPR20_1453_RT_LORES.jpg?v=1588884995
136,764204439119,$10 to $20,Short Sleeve Top,Beverly Tee,BLACK 2X,22.99,No,http://marika.com/products/mlt2706a,https://cdn.shopify.com/s/files/1/1588/5229/products/MLT2706A_010_SPR20_1453_RT_LORES.jpg?v=1588884995
137,764204439126,$10 to $20,Short Sleeve Top,Beverly Tee,BLACK 3X,22.99,No,http://marika.com/products/mlt2706a,https://cdn.shopify.com/s/files/1/1588/5229/products/MLT2706A_010_SPR20_1453_RT_LORES.jpg?v=1588884995
138,764204433933,$10 to $20,Short Sleeve Top,Beverly Tee,MAUVE SHADOWS S,18.99,No,http://marika.com/products/mlt2706a,https://cdn.shopify.com/s/files/1/1588/5229/products/MLT2706A_010_SPR20_1453_RT_LORES.jpg?v=1588884995
139,764204433940,$10 to $20,Short Sleeve Top,Beverly Tee,MAUVE SHADOWS M,18.99,Yes,http://marika.com/products/mlt2706a,https://cdn.shopify.com/s/files/1/1588/5229/products/MLT2706A_010_SPR20_1453_RT_LORES.jpg?v=1588884995
140,764204433957,$10 to $20,Short Sleeve Top,Beverly Tee,MAUVE SHADOWS L,18.99,Yes,http://marika.com/products/mlt2706a,https://cdn.shopify.com/s/files/1/1588/5229/products/MLT2706A_010_SPR20_1453_RT_LORES.jpg?v=1588884995
141,764204433964,$10 to $20,Short Sleeve Top,Beverly Tee,MAUVE SHADOWS XL,18.99,No,http://marika.com/products/mlt2706a,https://cdn.shopify.com/s/files/1/1588/5229/products/MLT2706A_010_SPR20_1453_RT_LORES.jpg?v=1588884995
142,764204439010,$10 to $20,Short Sleeve Top,Beverly Tee,MAUVE SHADOWS 1X,22.99,Yes,http://marika.com/products/mlt2706a,https://cdn.shopify.com/s/files/1/1588/5229/products/MLT2706A_010_SPR20_1453_RT_LORES.jpg?v=1588884995
143,764204439027,$10 to $20,Short Sleeve Top,Beverly Tee,MAUVE SHADOWS 2X,22.99,No,http://marika.com/products/mlt2706a,https://cdn.shopify.com/s/files/1/1588/5229/products/MLT2706A_010_SPR20_1453_RT_LORES.jpg?v=1588884995
144,764204439034,$10 to $20,Short Sleeve Top,Beverly Tee,MAUVE SHADOWS 3X,22.99,No,http://marika.com/products/mlt2706a,https://cdn.shopify.com/s/files/1/1588/5229/products/MLT2706A_010_SPR20_1453_RT_LORES.jpg?v=1588884995
145,764204434053,$10 to $20,Short Sleeve Top,Beverly Tee,CRUSHED BERRY S,18.99,No,http://marika.com/products/mlt2706a,https://cdn.shopify.com/s/files/1/1588/5229/products/MLT2706A_010_SPR20_1453_RT_LORES.jpg?v=1588884995
146,764204434060,$10 to $20,Short Sleeve Top,Beverly Tee,CRUSHED BERRY M,18.99,Yes,http://marika.com/products/mlt2706a,https://cdn.shopify.com/s/files/1/1588/5229/products/MLT2706A_010_SPR20_1453_RT_LORES.jpg?v=1588884995
147,764204434077,$10 to $20,Short Sleeve Top,Beverly Tee,CRUSHED BERRY L,18.99,Yes,http://marika.com/products/mlt2706a,https://cdn.shopify.com/s/files/1/1588/5229/products/MLT2706A_010_SPR20_1453_RT_LORES.jpg?v=1588884995
148,764204434084,$10 to $20,Short Sleeve Top,Beverly Tee,CRUSHED BERRY XL,18.99,No,http://marika.com/products/mlt2706a,https://cdn.shopify.com/s/files/1/1588/5229/products/MLT2706A_010_SPR20_1453_RT_LORES.jpg?v=1588884995
149,764204439072,$10 to $20,Short Sleeve Top,Beverly Tee,CRUSHED BERRY 1X,22.99,Yes,http://marika.com/products/mlt2706a,https://cdn.shopify.com/s/files/1/1588/5229/products/MLT2706A_010_SPR20_1453_RT_LORES.jpg?v=1588884995
150,764204439089,$10 to $20,Short Sleeve Top,Beverly Tee,CRUSHED BERRY 2X,22.99,No,http://marika.com/products/mlt2706a,https://cdn.shopify.com/s/files/1/1588/5229/products/MLT2706A_010_SPR20_1453_RT_LORES.jpg?v=1588884995
151,764204439096,$10 to $20,Short Sleeve Top,Beverly Tee,CRUSHED BERRY 3X,22.99,No,http://marika.com/products/mlt2706a,https://cdn.shopify.com/s/files/1/1588/5229/products/MLT2706A_010_SPR20_1453_RT_LORES.jpg?v=1588884995
152,764204258703,$10 to $20,Short Sleeve Top,Blaze Tee,WHITE S,16.99,No,http://marika.com/products/mlt2059a,https://cdn.shopify.com/s/files/1/1588/5229/products/MLT2059A_010_3963.jpg?v=1559346107
153,764204258710,$10 to $20,Short Sleeve Top,Blaze Tee,WHITE M,16.99,Yes,http://marika.com/products/mlt2059a,https://cdn.shopify.com/s/files/1/1588/5229/products/MLT2059A_010_3963.jpg?v=1559346107
154,764204258727,$10 to $20,Short Sleeve Top,Blaze Tee,WHITE L,16.99,Yes,http://marika.com/products/mlt2059a,https://cdn.shopify.com/s/files/1/1588/5229/products/MLT2059A_010_3963.jpg?v=1559346107
155,764204258734,$10 to $20,Short Sleeve Top,Blaze Tee,WHITE XL,16.99,No,http://marika.com/products/mlt2059a,https://cdn.shopify.com/s/files/1/1588/5229/products/MLT2059A_010_3963.jpg?v=1559346107
156,764204258659,$10 to $20,Short Sleeve Top,Blaze Tee,BLACK S,16.99,No,http://marika.com/products/mlt2059a,https://cdn.shopify.com/s/files/1/1588/5229/products/MLT2059A_010_1095.jpg?v=1559346107
157,764204258666,$10 to $20,Short Sleeve Top,Blaze Tee,BLACK M,16.99,No,http://marika.com/products/mlt2059a,https://cdn.shopify.com/s/files/1/1588/5229/products/MLT2059A_010_1095.jpg?v=1559346107
158,764204258673,$10 to $20,Short Sleeve Top,Blaze Tee,BLACK L,16.99,No,http://marika.com/products/mlt2059a,https://cdn.shopify.com/s/files/1/1588/5229/products/MLT2059A_010_1095.jpg?v=1559346107
159,764204258680,$10 to $20,Short Sleeve Top,Blaze Tee,BLACK XL,16.99,No,http://marika.com/products/mlt2059a,https://cdn.shopify.com/s/files/1/1588/5229/products/MLT2059A_010_1095.jpg?v=1559346107
160,764204358748,$10 to $20,Accessories,Booty Band (Light),SEA FOAM ONE,11.99,Yes,http://marika.com/products/m193419,https://cdn.shopify.com/s/files/1/1588/5229/products/M193419_4HF.jpg?v=1567716624
161,764204359745,$10 to $20,Accessories,Booty Band (Medium),MARINE ONE,16.00,Yes,http://marika.com/products/m193519,https://cdn.shopify.com/s/files/1/1588/5229/products/M193519_MNE3159.jpg?v=1595875510
162,722457957682,$10 to $20,Short Sleeve Top,Classic Active Short Sleeve Tee,HEATHER BLACK S,18.99,No,http://marika.com/products/klt1841t,https://cdn.shopify.com/s/files/1/1588/5229/products/KLT1841T_513_722457957682_0865.jpg?v=1588913664
163,722457957699,$10 to $20,Short Sleeve Top,Classic Active Short Sleeve Tee,HEATHER BLACK M,18.99,Yes,http://marika.com/products/klt1841t,https://cdn.shopify.com/s/files/1/1588/5229/products/KLT1841T_513_722457957682_0865.jpg?v=1588913664
164,722457957705,$10 to $20,Short Sleeve Top,Classic Active Short Sleeve Tee,HEATHER BLACK L,18.99,No,http://marika.com/products/klt1841t,https://cdn.shopify.com/s/files/1/1588/5229/products/KLT1841T_513_722457957682_0865.jpg?v=1588913664
165,764204286096,$10 to $20,Short Sleeve Top,Classic Active Short Sleeve Tee,HEATHER BLACK XL,18.99,No,http://marika.com/products/klt1841t,https://cdn.shopify.com/s/files/1/1588/5229/products/KLT1841T_513_722457957682_0865.jpg?v=1588913664
166,764204429943,$10 to $20,Short Sleeve Top,Classic Active Short Sleeve Tee,HEATHER WOODROSE S,18.99,No,http://marika.com/products/klt1841t,https://cdn.shopify.com/s/files/1/1588/5229/products/KLT1841T_513_722457957682_0865.jpg?v=1588913664
167,764204429950,$10 to $20,Short Sleeve Top,Classic Active Short Sleeve Tee,HEATHER WOODROSE M,18.99,No,http://marika.com/products/klt1841t,https://cdn.shopify.com/s/files/1/1588/5229/products/KLT1841T_513_722457957682_0865.jpg?v=1588913664
168,764204429967,$10 to $20,Short Sleeve Top,Classic Active Short Sleeve Tee,HEATHER WOODROSE L,18.99,No,http://marika.com/products/klt1841t,https://cdn.shopify.com/s/files/1/1588/5229/products/KLT1841T_513_722457957682_0865.jpg?v=1588913664
169,764204429974,$10 to $20,Short Sleeve Top,Classic Active Short Sleeve Tee,HEATHER WOODROSE XL,18.99,No,http://marika.com/products/klt1841t,https://cdn.shopify.com/s/files/1/1588/5229/products/KLT1841T_513_722457957682_0865.jpg?v=1588913664
170,764204429899,$10 to $20,Short Sleeve Top,Classic Active Short Sleeve Tee,HEATHER SLATE GREY S,18.99,No,http://marika.com/products/klt1841t,https://cdn.shopify.com/s/files/1/1588/5229/products/KLT1841T_513_722457957682_0865.jpg?v=1588913664
171,764204429905,$10 to $20,Short Sleeve Top,Classic Active Short Sleeve Tee,HEATHER SLATE GREY M,18.99,No,http://marika.com/products/klt1841t,https://cdn.shopify.com/s/files/1/1588/5229/products/KLT1841T_513_722457957682_0865.jpg?v=1588913664
172,764204429912,$10 to $20,Short Sleeve Top,Classic Active Short Sleeve Tee,HEATHER SLATE GREY L,18.99,No,http://marika.com/products/klt1841t,https://cdn.shopify.com/s/files/1/1588/5229/products/KLT1841T_513_722457957682_0865.jpg?v=1588913664
173,764204429929,$10 to $20,Short Sleeve Top,Classic Active Short Sleeve Tee,HEATHER SLATE GREY XL,18.99,No,http://marika.com/products/klt1841t,https://cdn.shopify.com/s/files/1/1588/5229/products/KLT1841T_513_722457957682_0865.jpg?v=1588913664
174,764204443192,$10 to $20,Short Sleeve Top,Classic Active Short Sleeve Tee,HEATHER SMOKE BLUE S,18.99,No,http://marika.com/products/klt1841t,https://cdn.shopify.com/s/files/1/1588/5229/products/KLT1841T_513_722457957682_0865.jpg?v=1588913664
175,764204443208,$10 to $20,Short Sleeve Top,Classic Active Short Sleeve Tee,HEATHER SMOKE BLUE M,18.99,No,http://marika.com/products/klt1841t,https://cdn.shopify.com/s/files/1/1588/5229/products/KLT1841T_513_722457957682_0865.jpg?v=1588913664
176,764204443215,$10 to $20,Short Sleeve Top,Classic Active Short Sleeve Tee,HEATHER SMOKE BLUE L,18.99,No,http://marika.com/products/klt1841t,https://cdn.shopify.com/s/files/1/1588/5229/products/KLT1841T_513_722457957682_0865.jpg?v=1588913664
177,764204443222,$10 to $20,Short Sleeve Top,Classic Active Short Sleeve Tee,HEATHER SMOKE BLUE XL,18.99,No,http://marika.com/products/klt1841t,https://cdn.shopify.com/s/files/1/1588/5229/products/KLT1841T_513_722457957682_0865.jpg?v=1588913664
178,764204359660,$10 to $20,Accessories,Core Roller,CORAL ONE,16.00,Yes,http://marika.com/products/m182519,https://cdn.shopify.com/s/files/1/1588/5229/products/M182519_COR_18324.jpg?v=1605204465
179,764204457465,$10 to $20,Short Sleeve Top,Cycle House Dynamic Short Sleeve Tee,HEATHER GREY S,18.99,No,http://marika.com/products/glt2819a,https://cdn.shopify.com/s/files/1/1588/5229/products/GLT2819A_626.0450RT_LoResRT_LoRes.jpg?v=1588893914
180,764204457472,$10 to $20,Short Sleeve Top,Cycle House Dynamic Short Sleeve Tee,HEATHER GREY M,18.99,No,http://marika.com/products/glt2819a,https://cdn.shopify.com/s/files/1/1588/5229/products/GLT2819A_626.0450RT_LoResRT_LoRes.jpg?v=1588893914
181,764204457489,$10 to $20,Short Sleeve Top,Cycle House Dynamic Short Sleeve Tee,HEATHER GREY L,18.99,Yes,http://marika.com/products/glt2819a,https://cdn.shopify.com/s/files/1/1588/5229/products/GLT2819A_626.0450RT_LoResRT_LoRes.jpg?v=1588893914
182,764204457496,$10 to $20,Short Sleeve Top,Cycle House Dynamic Short Sleeve Tee,HEATHER GREY XL,18.99,No,http://marika.com/products/glt2819a,https://cdn.shopify.com/s/files/1/1588/5229/products/GLT2819A_626.0450RT_LoResRT_LoRes.jpg?v=1588893914
183,764204457366,$10 to $20,Short Sleeve Top,Cycle House Dynamic Short Sleeve Tee,WHITE S,18.99,Yes,http://marika.com/products/glt2819a,https://cdn.shopify.com/s/files/1/1588/5229/products/GLT2819A_01010113_LoRes_RT.jpg?v=1587504132
184,764204457373,$10 to $20,Short Sleeve Top,Cycle House Dynamic Short Sleeve Tee,WHITE M,18.99,Yes,http://marika.com/products/glt2819a,https://cdn.shopify.com/s/files/1/1588/5229/products/GLT2819A_01010113_LoRes_RT.jpg?v=1587504132
185,764204457380,$10 to $20,Short Sleeve Top,Cycle House Dynamic Short Sleeve Tee,WHITE L,18.99,Yes,http://marika.com/products/glt2819a,https://cdn.shopify.com/s/files/1/1588/5229/products/GLT2819A_01010113_LoRes_RT.jpg?v=1587504132
186,764204457397,$10 to $20,Short Sleeve Top,Cycle House Dynamic Short Sleeve Tee,WHITE XL,18.99,Yes,http://marika.com/products/glt2819a,https://cdn.shopify.com/s/files/1/1588/5229/products/GLT2819A_01010113_LoRes_RT.jpg?v=1587504132
187,764204457410,$10 to $20,Short Sleeve Top,Cycle House Dynamic Short Sleeve Tee,BLACK S,18.99,No,http://marika.com/products/glt2819a,https://cdn.shopify.com/s/files/1/1588/5229/products/GLL1173A_244.GLT2819A_0010992.jpg?v=1588634039
188,764204457427,$10 to $20,Short Sleeve Top,Cycle House Dynamic Short Sleeve Tee,BLACK M,18.99,Yes,http://marika.com/products/glt2819a,https://cdn.shopify.com/s/files/1/1588/5229/products/GLL1173A_244.GLT2819A_0010992.jpg?v=1588634039
189,764204457434,$10 to $20,Short Sleeve Top,Cycle House Dynamic Short Sleeve Tee,BLACK L,18.99,Yes,http://marika.com/products/glt2819a,https://cdn.shopify.com/s/files/1/1588/5229/products/GLL1173A_244.GLT2819A_0010992.jpg?v=1588634039
190,764204457441,$10 to $20,Short Sleeve Top,Cycle House Dynamic Short Sleeve Tee,BLACK XL,18.99,Yes,http://marika.com/products/glt2819a,https://cdn.shopify.com/s/files/1/1588/5229/products/GLL1173A_244.GLT2819A_0010992.jpg?v=1588634039
191,764204457267,$10 to $20,Tank,Cycle House Dynamic Sleeveless Tank,BLACK S,18.99,No,http://marika.com/products/glt2820a,https://cdn.shopify.com/s/files/1/1588/5229/products/GLT2820A_0011182RT_LoResRT_LoRes.jpg?v=1588893307
192,764204457274,$10 to $20,Tank,Cycle House Dynamic Sleeveless Tank,BLACK M,18.99,Yes,http://marika.com/products/glt2820a,https://cdn.shopify.com/s/files/1/1588/5229/products/GLT2820A_0011182RT_LoResRT_LoRes.jpg?v=1588893307
193,764204457281,$10 to $20,Tank,Cycle House Dynamic Sleeveless Tank,BLACK L,18.99,Yes,http://marika.com/products/glt2820a,https://cdn.shopify.com/s/files/1/1588/5229/products/GLT2820A_0011182RT_LoResRT_LoRes.jpg?v=1588893307
194,764204457298,$10 to $20,Tank,Cycle House Dynamic Sleeveless Tank,BLACK XL,18.99,Yes,http://marika.com/products/glt2820a,https://cdn.shopify.com/s/files/1/1588/5229/products/GLT2820A_0011182RT_LoResRT_LoRes.jpg?v=1588893307
195,764204457311,$10 to $20,Tank,Cycle House Dynamic Sleeveless Tank,HEATHER GREY S,18.99,Yes,http://marika.com/products/glt2820a,https://cdn.shopify.com/s/files/1/1588/5229/products/GLT2820A_62610096_LoRes.jpg?v=1588893307
196,764204457328,$10 to $20,Tank,Cycle House Dynamic Sleeveless Tank,HEATHER GREY M,18.99,Yes,http://marika.com/products/glt2820a,https://cdn.shopify.com/s/files/1/1588/5229/products/GLT2820A_62610096_LoRes.jpg?v=1588893307
197,764204457335,$10 to $20,Tank,Cycle House Dynamic Sleeveless Tank,HEATHER GREY L,18.99,Yes,http://marika.com/products/glt2820a,https://cdn.shopify.com/s/files/1/1588/5229/products/GLT2820A_62610096_LoRes.jpg?v=1588893307
198,764204457342,$10 to $20,Tank,Cycle House Dynamic Sleeveless Tank,HEATHER GREY XL,18.99,Yes,http://marika.com/products/glt2820a,https://cdn.shopify.com/s/files/1/1588/5229/products/GLT2820A_62610096_LoRes.jpg?v=1588893307
199,764204457212,$10 to $20,Tank,Cycle House Dynamic Sleeveless Tank,WHITE S,18.99,Yes,http://marika.com/products/glt2820a,https://cdn.shopify.com/s/files/1/1588/5229/products/GLT2820A_010_0423.jpg?v=1591387428
200,764204457229,$10 to $20,Tank,Cycle House Dynamic Sleeveless Tank,WHITE M,18.99,Yes,http://marika.com/products/glt2820a,https://cdn.shopify.com/s/files/1/1588/5229/products/GLT2820A_010_0423.jpg?v=1591387428
